sample,gender,age,birth,residence,screeningQuestion-1,screeningQuestion-2,screeningQuestion-3,screeningQuestion-4,screeningQuestion-5,screeningQuestion-6,screeningQuestion-7,screeningQuestion-8,screeningQuestion-9,groups,Artist,Statement,Order,ai_experience,ai_appsCount,ai_usageFrequency,ai_attitude_productive,ai_attitude_enjoyable,A_perception_emotion-1,A_perception_emotion-2,A_perception_intention-1,A_perception_intention-2,A_perception_cognition-1,A_perception_cognition-2,A_artisticValue-1,A_artisticValue-2,A_artisticValue-3,A_enjoyment-1,A_enjoyment-2,A_enjoyment-3,B_perception_emotion-1,B_perception_emotion-2,B_perception_intention-1,B_perception_intention-2,B_perception_cognition-1,B_perception_cognition-2,B_artisticValue-1,B_artisticValue-2,B_artisticValue-3,B_enjoyment-1,B_enjoyment-2,B_enjoyment-3,validation,education,income,art_education-or-profession,feedback
1,2,32,2,1,1,2,3,4,5,,7,8,,6,AI,present,scene first,1,1,5,1,1,3,4,3,4,4,4,4,4,4,4,4,3,4,4,4,4,4,4,4,3,4,3,4,3,1,5,2,2,없습니다
2,1,33,2,12,1,2,3,4,5,,7,8,,2,AI,present,classroom first,2,,,,,4,4,4,1,3,1,1,3,1,3,3,3,3,3,1,1,3,1,3,3,3,3,3,3,1,2,1,2,없음
3,1,55,4,2,1,2,3,,5,,,,,6,AI,present,scene first,1,1,5,2,1,2,4,4,3,3,4,4,4,4,4,4,4,4,4,4,4,4,4,4,4,4,4,4,4,1,6,4,2,
7,1,36,2,1,1,2,3,4,5,6,7,8,,7,Human,absent,scene first,1,2,2,1,1,3,3,3,3,3,3,2,2,1,1,1,2,4,4,4,5,4,4,4,3,4,3,4,2,1,5,4,1,사람작품인지 ai 작품인지궁금합니다.
8,2,32,2,1,1,2,3,4,5,6,7,8,,7,Human,absent,scene first,2,,,,,2,2,4,3,3,4,3,4,2,3,2,2,2,4,4,4,3,2,4,2,3,3,2,2,1,2,1,2,
10,1,33,2,2,1,2,3,4,5,6,7,8,,3,Human,absent,classroom first,1,1,4,1,2,2,2,3,3,3,3,3,3,3,3,4,3,1,4,3,4,3,2,3,4,4,4,4,3,1,5,2,2,없음
11,1,52,4,17,1,2,3,4,5,6,7,8,,6,AI,present,scene first,1,1,4,1,1,2,3,3,3,3,3,2,2,2,2,3,2,2,2,2,2,2,2,3,2,2,2,4,2,1,5,6,2,
13,2,30,2,12,1,2,,4,5,,7,8,,2,AI,present,classroom first,1,2,6,2,2,2,1,4,2,4,4,3,2,2,2,3,1,2,1,2,1,1,1,1,1,1,1,1,1,1,4,2,2,
14,2,49,3,8,1,2,3,4,5,6,7,8,,1,Human,present,classroom first,1,3,2,2,1,4,3,3,4,4,4,4,4,4,3,2,2,2,4,4,4,3,4,4,4,4,4,3,3,1,5,5,1,없어요
16,1,53,4,1,1,2,3,4,5,,7,8,,7,Human,absent,scene first,2,,,,,3,3,4,4,3,3,4,4,4,5,3,3,4,4,3,4,4,4,5,5,5,4,4,3,1,5,1,2,없습니다
17,2,36,2,1,1,2,3,4,5,,7,8,,8,AI,absent,scene first,1,1,2,1,1,4,4,4,4,3,3,4,4,4,4,4,3,4,4,4,4,3,4,4,4,4,4,4,3,1,5,3,2,없습니다
19,2,41,3,7,1,2,3,4,5,6,7,8,,6,AI,present,scene first,2,,,,,5,4,5,5,5,5,5,5,5,5,5,5,5,5,5,5,5,5,5,5,5,5,5,5,1,5,1,2,
21,2,28,1,8,1,2,3,4,5,6,7,8,,4,AI,absent,classroom first,1,2,6,1,1,1,1,5,5,1,1,5,1,3,5,5,2,2,2,5,5,1,1,5,4,5,5,5,4,2,5,2,1,
22,2,52,4,8,1,2,3,4,5,,7,8,,7,Human,absent,scene first,2,,,,,2,4,4,4,4,4,4,4,3,4,3,3,4,4,4,4,4,4,4,3,4,3,3,3,1,5,7,2,
23,2,56,4,1,1,2,,4,5,6,,8,,5,Human,present,scene first,1,1,6,1,2,3,3,4,4,2,2,3,2,2,3,2,2,2,2,3,3,2,3,3,2,2,2,3,2,1,5,7,2,예시된 두 그림이 작위적이다. 이발소 풍경화를 연상케했다.
24,2,34,2,11,1,2,3,4,5,,7,8,,6,AI,present,scene first,2,,,,,5,5,5,5,5,5,5,5,5,5,5,5,5,4,5,5,4,5,4,4,5,4,5,5,1,5,2,2,
28,2,30,2,10,1,2,3,4,5,6,7,8,,1,Human,present,classroom first,1,1,6,1,1,4,5,5,5,4,5,4,3,3,3,2,1,3,4,4,4,4,4,4,3,3,4,4,3,1,6,2,2,
32,2,40,3,1,1,2,3,4,5,6,7,8,,2,AI,present,classroom first,1,2,2,1,1,4,5,5,4,5,5,5,5,5,4,5,5,5,4,5,5,5,4,5,5,5,5,5,5,1,5,4,1,
33,1,40,3,1,1,,3,4,,,7,8,,7,Human,absent,scene first,1,1,3,1,1,1,4,4,3,4,4,5,4,4,5,4,3,5,5,5,4,5,5,4,4,5,4,4,4,1,5,4,2,많은 것들을 종합해서 표현하는 능력이 매우 뛰어나서 놀라웠다.
34,1,62,5,2,1,,3,4,,6,,,,6,AI,present,scene first,2,,,,,4,4,3,4,5,4,4,5,3,3,4,3,3,4,3,2,3,3,4,3,4,4,3,4,1,5,1,2,수고많으십니다
36,1,42,3,9,1,,3,4,5,,7,8,,6,AI,present,scene first,1,2,4,1,1,4,2,5,3,2,4,5,5,5,5,4,4,5,5,5,5,3,3,4,5,4,3,4,5,1,5,2,2,인공지능과 관련된 설문을 개발 부탁드립니다
37,1,38,2,14,1,2,3,4,5,6,7,8,,8,AI,absent,scene first,1,1,3,1,1,2,2,4,2,2,2,2,4,5,5,5,5,2,2,4,2,2,2,4,4,4,4,4,4,1,5,5,2,없음
40,1,46,3,1,1,2,3,4,5,6,7,8,,8,AI,absent,scene first,1,3,2,1,1,3,3,2,2,2,4,2,3,3,2,3,2,2,1,2,2,2,2,3,2,2,2,2,1,1,5,5,2,예
42,1,46,3,8,1,2,3,4,5,6,7,8,,8,AI,absent,scene first,1,1,1,1,1,2,1,2,2,2,2,2,2,2,3,2,2,2,2,3,2,2,2,2,2,2,2,2,2,1,5,4,2,굿
46,2,45,3,10,1,,3,4,,6,7,8,,3,Human,absent,classroom first,1,1,2,1,1,3,3,3,3,3,3,3,4,4,4,3,3,3,3,3,3,3,3,3,4,4,4,4,4,1,4,1,2,생성형 챗GPT 사용의 윤리적 문제에 대한 설문을 추가하시면 어떨까 합니다
47,1,43,3,14,1,,3,4,,,7,8,,5,Human,present,scene first,1,2,3,1,1,5,5,4,4,5,5,5,5,5,5,5,5,5,5,4,5,5,5,5,5,5,5,5,5,1,5,3,1,.
48,1,31,2,8,1,,3,4,,,7,8,,5,Human,present,scene first,1,1,2,1,1,3,4,3,3,4,3,3,3,4,4,3,3,2,3,2,2,2,3,2,2,1,2,2,1,1,4,4,2,
49,2,52,4,1,1,2,3,4,5,6,7,8,,3,Human,absent,classroom first,2,,,,,4,4,4,4,4,4,4,4,4,3,3,3,3,4,4,4,4,4,4,4,4,4,4,4,1,4,4,2,
50,1,48,3,8,1,2,3,4,5,,,8,,4,AI,absent,classroom first,1,1,2,1,1,3,2,4,4,3,3,4,3,3,4,4,3,2,3,3,2,3,3,3,3,4,3,3,3,1,5,4,2,
52,2,34,2,1,1,2,3,4,5,6,7,8,,3,Human,absent,classroom first,1,2,3,2,1,2,3,4,3,4,3,4,4,3,4,3,3,2,2,4,4,3,3,4,3,4,3,3,3,1,5,3,1,
57,2,34,2,6,1,2,3,4,,,7,8,,3,Human,absent,classroom first,2,,,,,2,4,4,4,4,4,4,4,4,4,4,4,4,5,4,4,4,4,4,4,4,4,4,4,1,2,3,2,
58,1,49,3,1,1,2,3,4,5,6,7,8,,4,AI,absent,classroom first,1,1,3,1,2,3,4,4,4,3,4,3,3,4,3,4,2,2,1,4,3,2,2,3,3,3,3,4,2,1,5,4,2,
60,2,46,3,2,1,2,3,4,5,6,7,8,,8,AI,absent,scene first,1,1,5,1,2,3,3,4,4,3,3,3,3,4,3,4,3,3,3,4,4,3,3,4,4,4,4,4,3,1,5,2,2,
61,1,46,3,13,1,2,3,4,5,6,7,8,,2,AI,present,classroom first,2,,,,,4,3,4,3,4,3,4,3,4,3,4,3,4,3,4,3,4,3,4,3,4,3,4,3,1,4,4,2,
62,1,51,4,3,1,2,3,4,5,6,7,8,,2,AI,present,classroom first,2,,,,,2,2,4,4,2,3,2,2,2,4,4,2,2,2,4,4,3,3,4,2,3,2,4,2,2,6,4,2,
69,1,35,2,8,1,,3,4,5,,7,8,,3,Human,absent,classroom first,1,1,4,1,1,4,5,4,5,5,4,5,5,5,5,5,3,5,5,5,5,5,4,5,5,4,5,3,3,1,6,2,2,
71,1,34,2,6,1,,3,4,5,,7,8,,5,Human,present,scene first,1,1,3,1,1,4,3,3,3,2,3,3,2,3,3,2,3,3,2,3,2,3,2,2,3,2,2,2,2,2,8,3,2,네 알겠습니다.
73,2,41,3,1,1,2,3,4,5,6,7,8,,4,AI,absent,classroom first,1,1,4,2,1,4,4,4,4,3,4,4,3,4,3,4,3,4,4,4,4,4,4,5,5,4,5,5,4,2,5,1,2,
74,1,29,1,1,1,2,3,4,5,6,7,8,,5,Human,present,scene first,1,3,1,1,1,2,4,3,3,4,4,3,3,2,4,3,2,5,5,5,5,5,5,5,3,5,2,4,4,1,2,1,1,
76,1,39,2,1,1,2,3,4,5,6,,8,,3,Human,absent,classroom first,1,4,2,1,1,3,3,2,2,3,2,2,2,3,2,3,2,2,3,3,3,2,2,2,2,3,2,3,2,1,6,2,2,
79,1,35,2,8,1,2,3,4,5,6,7,8,,4,AI,absent,classroom first,1,3,3,1,1,4,2,4,4,4,4,4,4,4,4,4,2,2,2,4,4,4,4,4,4,4,4,4,2,1,4,7,2,네 알겠습니다.지금은 없습니다.
80,2,49,3,1,1,2,3,4,5,6,7,8,,2,AI,present,classroom first,1,1,3,2,1,4,4,4,4,4,4,4,3,3,3,3,2,3,4,4,4,3,3,3,3,3,4,3,3,1,5,7,1,아니오 출국예정이라
82,2,34,2,8,1,2,3,4,5,6,7,8,,2,AI,present,classroom first,1,1,4,1,2,3,3,4,4,3,2,3,4,4,3,3,2,3,3,4,3,2,2,2,3,2,3,2,2,1,5,1,2,
90,1,33,2,12,1,2,3,4,,,,,,1,Human,present,classroom first,1,2,4,1,1,4,3,2,4,4,2,2,4,5,5,4,3,4,4,5,4,5,2,4,4,3,4,3,4,1,5,2,2,
95,1,45,3,6,1,,3,4,,6,7,8,,1,Human,present,classroom first,2,,,,,4,4,3,4,4,4,4,2,3,3,2,3,4,4,4,3,4,4,4,3,4,4,4,4,2,4,3,2,사람이 그린것 같지 않고 ai가 그려서 깊은느낌이 적게 든다.
96,1,36,2,1,1,2,3,4,5,6,7,8,,1,Human,present,classroom first,1,3,2,1,2,2,3,4,3,3,3,2,4,3,3,3,1,3,2,3,3,2,2,2,2,2,2,3,1,2,5,3,1,딱히 없음.
98,1,53,4,6,1,2,3,4,,6,7,8,,7,Human,absent,scene first,2,,,,,3,4,4,4,4,4,4,4,4,4,4,4,2,4,4,4,4,4,4,4,4,4,4,4,1,5,5,2,없음
99,2,32,2,8,1,,3,4,5,,7,8,,1,Human,present,classroom first,1,1,5,2,2,4,4,3,3,3,4,4,4,4,3,3,2,3,4,3,4,3,4,4,5,4,4,4,3,1,2,2,2,
100,1,45,3,1,1,2,3,4,5,6,7,8,,4,AI,absent,classroom first,2,,,,,5,3,4,4,5,4,5,5,4,5,5,4,4,5,3,3,4,5,4,5,5,5,4,4,1,2,2,2,
102,1,55,4,1,1,2,3,4,5,,7,8,,8,AI,absent,scene first,1,2,2,1,1,2,2,4,2,2,3,3,3,4,4,4,3,2,2,4,2,2,3,3,2,4,3,4,3,1,6,5,2,없음
106,2,44,3,8,1,,3,4,5,,7,8,,4,AI,absent,classroom first,1,1,3,1,1,2,2,2,2,2,2,1,1,2,1,4,2,3,3,4,3,3,3,3,2,2,2,3,2,1,5,3,2,
107,1,29,1,1,1,2,3,4,5,6,7,8,,2,AI,present,classroom first,1,1,4,1,2,3,3,4,3,4,4,4,3,4,3,4,2,3,2,4,3,4,4,4,3,4,3,4,2,1,5,2,2,
108,1,44,3,8,1,,,4,,6,,8,,2,AI,present,classroom first,2,,,,,4,4,4,3,4,4,4,3,4,3,4,3,3,4,4,4,4,4,4,4,5,5,4,4,1,2,2,2,없음
111,2,51,4,1,1,2,3,4,5,6,7,8,,6,AI,present,scene first,1,1,4,2,2,4,1,4,5,1,4,3,1,1,1,4,1,3,1,5,5,5,1,2,1,4,1,4,1,1,4,2,1,ai가 만든 티가 납니다.더 부드러웠다면 다르게 응답할 수 있을거같아요.그렇게 발전하겠죠?
113,1,52,4,3,1,2,3,4,,,7,8,,3,Human,absent,classroom first,1,1,4,1,1,4,4,3,4,4,3,4,3,5,3,5,3,4,3,5,4,5,4,3,5,4,3,5,4,1,5,3,2,생소한 설물이네요
114,2,31,2,8,1,2,3,4,5,6,7,8,,8,AI,absent,scene first,1,1,2,1,1,2,2,4,2,3,2,2,3,3,2,3,3,3,2,4,3,2,2,2,2,2,2,2,2,1,5,3,2,없습니다
117,2,60,5,15,1,,3,4,5,,,,,7,Human,absent,scene first,2,,,,,4,4,4,4,4,4,3,3,4,4,4,3,3,3,3,4,3,3,3,3,3,3,3,3,1,6,5,2,
118,2,28,1,1,1,2,3,4,5,,7,8,,5,Human,present,scene first,1,3,1,1,1,2,3,3,4,3,4,4,4,4,4,4,3,4,4,4,5,4,5,5,3,4,3,5,4,1,5,2,2,
119,2,31,2,1,1,,,4,5,,7,8,,5,Human,present,scene first,1,2,3,1,1,2,2,2,2,2,2,2,2,5,4,4,2,2,3,2,3,2,3,3,3,4,2,3,2,2,5,2,1,
120,1,48,3,1,1,2,3,4,5,6,7,8,,3,Human,absent,classroom first,2,,,,,3,5,4,4,4,4,4,4,4,4,4,4,4,4,4,5,4,4,4,4,4,4,4,4,1,5,4,1,
122,1,61,5,15,1,,3,4,5,,7,8,,3,Human,absent,classroom first,2,,,,,3,4,3,4,3,4,4,3,4,3,4,3,3,4,4,3,3,4,4,3,3,4,3,3,1,2,2,2,감상잘했어요
125,1,54,4,8,1,,3,4,,,,8,,8,AI,absent,scene first,2,,,,,4,4,3,4,3,4,4,4,4,4,3,3,3,4,4,4,3,4,4,4,4,4,4,3,1,2,3,2,
127,2,25,1,8,1,,3,4,5,6,7,8,,1,Human,present,classroom first,2,,,,,4,4,5,3,3,4,4,4,4,4,4,3,2,4,3,3,4,4,3,4,3,4,4,4,1,2,2,2,X
133,1,52,4,8,1,,3,4,,6,7,8,,4,AI,absent,classroom first,2,,,,,2,2,4,3,3,4,3,3,3,4,4,3,2,3,3,4,4,3,4,4,3,3,4,3,1,4,4,2,없어요
135,1,38,2,8,1,2,3,4,5,6,7,8,,4,AI,absent,classroom first,1,1,3,1,1,4,3,2,2,2,4,2,4,3,3,4,3,2,2,2,2,2,3,3,2,3,2,3,2,1,6,3,2,
139,1,34,2,4,1,,3,4,,,7,8,,7,Human,absent,scene first,1,1,4,2,2,3,3,2,2,2,2,5,3,5,4,3,3,4,3,3,2,2,2,3,3,4,3,2,1,1,5,1,2,
141,1,47,3,4,1,2,3,4,5,6,7,8,,5,Human,present,scene first,1,3,1,1,1,3,4,4,5,5,4,4,4,4,5,4,4,4,5,4,5,5,5,5,5,5,4,4,4,2,6,5,2,
144,1,52,4,14,1,2,3,4,5,6,7,8,,8,AI,absent,scene first,1,2,3,1,1,2,3,4,4,5,4,4,5,4,5,5,5,4,3,4,4,4,4,4,5,4,5,4,5,2,5,3,2,감사합니다
145,2,44,3,1,1,2,3,4,5,6,7,8,,4,AI,absent,classroom first,1,2,2,1,1,3,3,5,5,3,4,5,4,4,3,5,3,3,4,5,4,5,4,4,3,3,4,5,4,2,5,4,2,
146,1,25,1,8,1,2,3,4,5,6,7,8,,5,Human,present,scene first,2,,,,,3,4,4,3,3,3,4,3,3,3,3,3,4,3,4,4,3,4,4,3,4,3,3,3,1,2,7,2,
149,1,47,3,9,1,2,3,4,,6,7,8,,6,AI,present,scene first,1,2,2,1,1,3,4,4,3,3,3,4,4,4,4,4,3,3,3,4,3,3,3,2,2,2,1,3,1,1,5,2,2,
150,1,54,4,7,1,2,3,4,5,,7,8,,2,AI,present,classroom first,2,,,,,3,3,2,3,3,3,4,3,3,3,3,3,2,2,4,2,1,2,3,2,3,2,3,3,1,8,2,2,없음
151,1,21,1,1,1,2,3,4,5,6,7,8,,6,AI,present,scene first,1,3,4,1,1,3,3,4,5,3,3,5,4,4,4,5,3,3,3,5,5,3,3,5,3,5,3,5,4,1,3,7,2,
154,1,39,2,8,1,2,3,4,5,6,7,8,,8,AI,absent,scene first,1,5,2,1,1,4,4,5,4,4,5,5,4,4,4,5,4,4,4,5,4,4,5,4,4,5,3,4,5,1,5,3,2,"더 다양한 생성형 AI 의 견본, 그림체가 하나의 플랫폼인 듯 합니다."
155,1,56,4,1,1,2,3,4,5,6,7,8,,2,AI,present,classroom first,1,1,6,1,1,3,3,4,3,1,3,3,1,1,1,1,1,3,3,3,4,3,3,2,2,2,2,3,2,2,5,4,2,
156,1,36,2,8,1,2,3,4,5,,7,8,,1,Human,present,classroom first,2,,,,,3,4,4,4,4,5,5,3,5,3,3,2,3,4,4,4,3,3,5,3,5,3,3,2,1,5,2,2,
157,2,34,2,4,1,2,3,4,5,6,7,8,,4,AI,absent,classroom first,2,,,,,2,2,4,1,1,1,2,3,4,3,2,1,2,2,2,2,2,1,3,3,4,3,3,1,1,4,3,2,없음
159,1,48,3,2,1,2,3,4,,,,8,,5,Human,present,scene first,1,1,2,1,1,2,3,2,2,3,3,2,3,2,3,3,4,4,3,4,3,4,3,4,3,4,4,3,4,1,6,5,2,없습니다
160,2,33,2,1,1,2,3,4,5,6,7,8,,2,AI,present,classroom first,1,4,2,1,1,4,4,4,4,4,4,3,4,4,4,4,4,4,5,4,4,3,4,4,5,5,4,4,4,1,5,2,2,
161,1,40,3,1,1,2,3,4,5,6,7,8,,7,Human,absent,scene first,1,1,4,1,1,3,4,4,2,3,3,2,4,4,3,4,2,4,4,4,2,3,3,4,2,4,3,4,2,1,5,3,2,
162,1,45,3,1,1,,3,4,5,6,7,8,,3,Human,absent,classroom first,1,1,4,2,1,3,2,3,3,3,3,2,2,3,2,3,1,3,3,3,2,2,3,2,2,2,3,3,1,1,5,3,2,
164,2,23,1,16,1,2,3,4,5,6,7,8,,6,AI,present,scene first,1,1,7,1,1,1,2,5,5,4,4,5,3,5,4,4,3,1,1,5,5,4,5,4,3,4,2,5,2,1,3,1,2,
166,1,35,2,1,1,2,3,4,5,6,7,8,,3,Human,absent,classroom first,2,,,,,4,3,4,4,3,4,2,3,2,2,2,1,3,4,4,4,3,4,4,3,3,3,3,2,1,5,2,2,"설문한 그림이 AI 창작물이었는지, 인간이 만든 것인지 궁금함이 들었는데, 설문 완료 후에도 알 수 없어서 아쉽습니다."
169,1,68,5,8,1,,,,,,,,,2,AI,present,classroom first,2,,,,,3,3,4,4,3,3,4,3,4,3,4,4,4,4,3,4,4,3,4,3,3,3,4,3,1,5,3,2,없음
170,2,57,4,9,1,2,3,4,5,6,7,8,,1,Human,present,classroom first,1,1,3,1,1,3,2,2,2,3,3,2,2,2,2,2,2,3,4,4,3,3,4,3,4,4,4,3,3,2,5,5,2,
171,2,37,2,8,1,2,3,4,,6,7,8,,7,Human,absent,scene first,1,1,6,1,1,3,2,4,4,3,3,3,3,3,3,3,3,3,3,4,4,3,3,3,3,3,3,3,3,2,5,1,2,
172,1,48,3,3,1,2,3,4,5,6,7,8,,6,AI,present,scene first,2,,,,,3,1,3,1,1,1,3,3,4,4,4,3,1,1,1,1,1,1,4,4,4,4,4,3,2,5,3,2,
173,2,54,4,1,1,2,3,4,5,,7,8,,8,AI,absent,scene first,1,1,6,2,2,3,4,4,4,4,4,4,4,3,4,4,4,3,4,4,4,4,4,4,3,3,3,3,3,1,8,2,1,없음
174,2,47,3,15,1,2,3,4,,,7,8,,5,Human,present,scene first,1,1,3,2,1,2,4,4,4,3,4,2,4,4,4,4,3,5,5,4,5,5,5,5,3,5,3,5,5,1,2,1,2,없어요
179,1,64,5,8,1,2,3,,,,,8,,5,Human,present,scene first,1,2,2,1,1,3,4,3,3,3,4,4,3,4,4,4,4,3,3,4,3,4,3,3,3,4,3,4,3,1,5,4,2,
180,1,36,2,8,1,2,3,4,5,,,8,,7,Human,absent,scene first,1,1,4,1,2,3,2,3,4,3,3,4,4,3,3,4,3,2,2,4,3,2,3,2,4,3,4,3,3,1,4,2,2,
181,2,42,3,9,1,,3,4,5,,,8,,6,AI,present,scene first,2,,,,,4,4,4,3,4,4,4,4,4,4,4,4,2,3,4,3,4,3,3,2,2,2,2,2,1,4,3,2,
185,1,49,3,1,1,2,,4,,,7,8,,8,AI,absent,scene first,2,,,,,3,3,4,4,3,3,5,4,5,4,5,4,3,3,3,4,3,3,5,4,5,4,5,4,1,5,3,2,예술성에 대해 AI작품과 일반 예술가 작품을 상호 비교하여 설문하는 기회를 가지면 더 좋을 듯 합니다.
186,2,41,3,7,1,2,3,4,5,,7,8,,4,AI,absent,classroom first,2,,,,,2,2,4,4,2,1,4,2,3,3,2,1,2,2,4,3,3,3,4,3,4,3,3,3,1,4,3,2,
188,1,32,2,8,1,2,3,4,5,,7,8,,4,AI,absent,classroom first,2,,,,,4,4,4,4,4,4,4,4,4,4,4,4,4,4,4,4,4,4,4,4,4,4,4,3,2,5,4,2,
190,1,51,4,4,1,,3,4,,,7,8,,5,Human,present,scene first,2,,,,,3,3,5,4,2,3,3,3,3,3,4,2,4,4,5,4,4,4,5,4,4,4,5,4,2,2,3,2,al 창작물인지 궁금합니다
192,2,20,1,3,1,2,3,,5,,7,8,,8,AI,absent,scene first,1,1,6,1,1,4,3,4,4,4,4,4,4,4,4,4,3,3,3,4,4,4,4,4,4,4,3,4,3,2,3,1,2,
195,1,31,2,1,1,2,3,4,5,6,7,8,,4,AI,absent,classroom first,1,2,4,2,1,4,4,4,1,1,1,4,1,3,3,4,1,1,2,1,1,1,1,1,1,1,2,1,1,1,4,1,1,
199,2,47,3,4,1,2,3,4,5,6,7,8,,3,Human,absent,classroom first,1,2,3,1,1,4,4,4,4,4,4,4,4,4,4,4,4,5,5,5,5,5,5,5,5,5,5,5,5,1,7,2,2,
200,2,47,3,8,1,,3,4,5,,7,8,,2,AI,present,classroom first,2,,,,,3,3,4,3,3,3,4,4,4,3,4,3,3,3,4,3,3,3,4,3,3,3,3,3,1,5,7,1,
201,2,61,5,1,1,2,3,4,5,,,8,,5,Human,present,scene first,1,1,5,2,1,4,4,5,3,4,5,4,4,3,5,4,3,4,4,5,5,3,5,4,4,4,5,5,4,2,1,2,2,네
202,1,54,4,11,1,2,3,4,5,6,7,8,,1,Human,present,classroom first,2,,,,,4,4,4,4,4,4,4,4,4,4,4,4,3,4,4,4,4,3,3,4,4,4,3,3,1,4,4,2,
208,1,43,3,8,1,2,3,4,5,,7,8,,6,AI,present,scene first,1,2,5,1,1,2,2,4,1,2,2,4,1,4,3,4,1,2,2,5,2,1,2,5,3,5,2,4,2,1,6,2,2,너무 잘 정돈된 이미지가 기계적인 느낌을 줍니다 그런면에서 아직 인간의 복잡한 감정을 이미지로 표현하기는 부족하다고 생각합니다
209,1,51,4,2,1,2,3,4,5,6,7,8,,2,AI,present,classroom first,1,1,3,1,1,4,3,4,4,4,4,4,4,4,4,4,4,4,4,4,3,4,4,4,3,4,4,4,4,1,5,3,2,
210,1,31,2,8,1,2,3,4,5,6,7,8,,7,Human,absent,scene first,2,,,,,3,4,3,3,3,4,4,4,4,4,4,3,3,4,3,3,3,4,4,4,4,4,4,3,2,5,2,2,
212,2,29,1,13,1,,3,,5,,7,8,,1,Human,present,classroom first,2,,,,,4,4,3,4,4,4,4,3,4,3,3,3,3,4,3,3,3,3,4,4,4,4,3,4,1,5,1,2,
213,2,39,2,1,1,2,3,4,5,6,7,8,,2,AI,present,classroom first,1,2,3,1,1,3,2,2,2,3,3,3,4,4,4,4,3,3,3,4,4,4,4,4,4,4,4,4,3,1,5,4,1,없음
215,1,45,3,1,1,2,3,4,,,,,,3,Human,absent,classroom first,1,1,3,1,1,3,3,3,3,2,3,3,2,2,3,3,2,3,3,3,2,2,3,3,3,3,3,3,2,1,5,3,2,감사합니다
221,1,34,2,8,1,2,3,4,5,6,7,8,,4,AI,absent,classroom first,1,3,2,1,1,2,2,4,4,3,4,5,4,5,4,5,4,4,3,4,4,3,4,4,4,4,4,5,4,1,5,6,2,
223,1,50,4,3,1,2,3,,,6,7,8,,8,AI,absent,scene first,2,,,,,2,2,3,4,3,2,2,2,3,3,3,2,3,3,3,3,2,3,3,2,3,3,3,2,1,5,3,2,
225,2,39,2,1,1,,3,4,,,7,8,,3,Human,absent,classroom first,1,1,1,1,1,5,5,5,5,4,4,4,3,3,3,4,3,2,4,4,3,3,3,3,4,3,4,3,3,1,8,4,2,
232,1,36,2,1,1,2,3,4,5,6,7,8,,2,AI,present,classroom first,1,1,5,2,2,2,1,2,1,3,3,3,3,3,3,5,1,2,2,2,2,1,1,2,3,2,3,4,2,1,5,2,2,
233,1,27,1,14,1,2,3,4,5,6,7,8,,7,Human,absent,scene first,2,,,,,1,3,3,3,3,4,4,3,3,4,3,2,5,5,4,4,4,4,4,3,4,2,4,3,1,5,7,2,
236,1,47,3,6,1,2,3,4,,,7,8,,1,Human,present,classroom first,2,,,,,4,4,4,4,4,4,5,4,4,3,4,3,3,4,3,3,3,3,4,3,3,3,3,3,1,5,3,2,많이 참여하고싶네요
241,2,32,2,8,1,2,3,4,5,,7,8,,7,Human,absent,scene first,2,,,,,4,4,4,3,4,4,5,5,5,5,5,4,4,4,4,4,4,4,4,4,4,3,3,2,1,4,2,2,
242,2,35,2,3,1,2,3,4,5,6,7,8,,8,AI,absent,scene first,1,1,6,2,1,2,1,3,2,4,3,3,4,3,4,3,2,2,2,2,2,1,2,3,1,2,1,2,1,2,5,3,2,괜찮습니다
244,1,26,1,8,1,2,3,4,5,6,7,8,,6,AI,present,scene first,1,3,2,1,1,3,2,4,3,3,3,4,3,4,3,3,3,2,2,5,4,3,3,4,3,4,3,3,3,2,5,2,2,
247,1,45,3,8,1,2,3,4,5,6,7,8,,5,Human,present,scene first,1,1,3,1,1,2,2,3,2,1,2,3,3,2,4,4,1,3,3,4,3,2,3,4,2,3,2,4,3,2,5,4,2,
251,1,48,3,1,1,2,3,4,5,6,7,8,,7,Human,absent,scene first,1,1,3,1,1,2,4,2,4,4,4,4,4,4,4,4,3,4,4,4,4,4,4,4,3,3,4,4,3,1,4,2,2,
252,2,27,1,5,1,,3,4,5,6,7,8,,5,Human,present,scene first,2,,,,,2,2,3,4,2,1,3,1,1,3,2,1,2,2,4,3,1,2,2,1,2,1,2,1,1,5,2,2,
253,2,37,2,1,1,2,3,4,,6,7,8,,7,Human,absent,scene first,1,1,3,1,1,2,2,4,4,3,3,3,2,2,2,2,2,4,4,4,4,3,4,4,4,4,4,4,4,2,5,2,2,인공지능 느낌이 많이 남
254,1,43,3,1,1,2,3,4,5,6,7,8,,3,Human,absent,classroom first,1,1,3,1,1,3,4,3,4,4,3,4,3,4,4,4,3,2,3,3,3,3,3,4,4,3,4,4,4,1,6,3,2,
255,1,28,1,12,1,2,3,4,5,6,7,8,,5,Human,present,scene first,1,3,2,1,1,2,4,4,4,5,4,5,4,4,5,4,3,5,4,5,5,5,5,5,4,5,5,5,4,1,2,2,2,딱히 없다
257,1,41,3,8,1,2,3,4,5,,7,8,,2,AI,present,classroom first,2,,,,,2,2,3,2,3,2,3,3,3,3,3,2,2,2,3,3,3,2,3,3,3,3,3,3,2,2,4,2,없습니다
258,2,22,1,2,1,2,,,5,,7,8,,2,AI,present,classroom first,1,3,2,1,1,4,2,5,5,3,4,5,3,5,5,5,2,2,1,4,5,3,4,5,4,5,4,3,2,1,3,1,2,
259,1,31,2,8,1,2,3,4,5,,7,8,,8,AI,absent,scene first,1,2,3,1,1,2,4,4,1,1,1,4,3,2,3,4,2,4,4,3,2,2,1,4,3,4,3,4,2,2,5,2,2,ai한테 어떤 명령을 내린건지 궁금하네요 사진별로
260,2,61,5,1,1,,,4,5,,7,8,,5,Human,present,scene first,2,,,,,4,4,5,3,4,3,4,3,4,4,4,3,5,5,5,4,5,5,5,4,5,3,4,3,1,2,3,2,
261,2,28,1,1,1,2,3,4,5,6,7,8,,8,AI,absent,scene first,1,1,6,1,2,2,1,4,4,3,1,1,2,1,1,1,1,1,1,4,4,3,1,3,1,1,1,1,1,2,4,2,1,
262,2,31,2,1,1,2,3,4,5,,7,8,,3,Human,absent,classroom first,1,1,3,2,1,4,4,4,4,4,4,2,2,4,2,2,2,2,4,4,4,2,2,4,4,4,4,4,3,2,5,2,2,
268,1,53,4,8,1,,3,,5,,,,,1,Human,present,classroom first,1,3,2,1,2,4,4,4,4,4,4,4,3,4,3,4,3,3,4,3,4,3,3,4,3,3,3,3,3,1,5,3,2,
269,2,51,4,2,1,2,3,4,5,6,7,8,,1,Human,present,classroom first,1,1,4,1,1,4,4,4,4,3,4,5,4,5,5,5,4,3,3,3,3,3,4,4,3,3,4,4,3,1,6,5,2,
270,2,32,2,1,1,2,3,4,5,,7,8,,6,AI,present,scene first,1,1,4,2,2,3,5,4,3,3,4,4,3,5,5,5,4,4,4,4,4,4,5,5,4,5,4,5,5,1,5,5,2,
272,1,30,2,3,1,2,3,4,5,6,7,8,,4,AI,absent,classroom first,1,1,3,1,1,3,4,3,5,4,3,3,5,4,4,3,4,3,4,4,3,4,4,5,4,4,4,3,4,1,5,7,2,
277,2,40,3,12,1,,,,5,,,8,,7,Human,absent,scene first,1,1,4,2,2,2,4,3,3,3,3,3,3,3,3,3,3,3,3,4,3,1,4,2,5,5,2,3,4,1,1,2,1,
278,2,35,2,1,1,2,3,4,5,6,7,8,,4,AI,absent,classroom first,1,2,5,1,1,2,2,4,4,4,3,3,3,3,3,3,2,2,3,3,3,3,3,3,4,4,4,2,2,1,6,4,2,
282,2,37,2,6,1,2,3,4,5,,7,8,,8,AI,absent,scene first,2,,,,,2,2,5,5,2,2,5,5,5,5,5,3,2,2,5,5,2,2,5,5,5,5,5,2,1,4,1,2,
283,1,65,5,1,1,2,3,4,5,6,7,8,,6,AI,present,scene first,2,,,,,4,4,4,4,4,4,4,4,4,4,4,4,3,4,4,4,4,4,4,4,4,4,4,4,1,5,2,2,인공지능의 맛이 현실감있게 다가온다
287,1,55,4,1,1,,3,4,,6,7,8,,4,AI,absent,classroom first,2,,,,,3,3,4,4,3,3,4,3,4,4,4,3,2,3,4,4,3,4,4,3,4,3,4,3,2,5,4,2,
289,1,35,2,17,1,2,3,4,5,6,7,8,,7,Human,absent,scene first,2,,,,,2,3,3,3,3,3,3,4,3,4,4,3,4,4,4,4,4,4,4,3,4,3,4,3,2,5,2,2,
294,1,46,3,8,1,2,3,4,5,6,7,8,,6,AI,present,scene first,1,1,1,1,1,2,2,5,3,2,2,4,3,3,3,5,3,3,3,5,4,3,3,4,3,3,3,5,3,2,6,3,2,
295,1,48,3,5,1,2,3,4,5,,7,8,,1,Human,present,classroom first,1,1,2,1,1,5,4,5,2,4,5,5,5,5,2,5,2,5,2,4,2,2,5,4,2,4,3,2,2,2,5,3,2,2번째 봄 관련 그림에서 벚꽃이 절정에 이르렀으면 사람들이 벚꽃 구경 놀이를 하지 들판에 ?자리 깔고 벚꽃 놀이를 하지 않는데 그림 설정이 언발란스 하네요
297,2,27,1,1,1,2,3,4,5,,7,8,,3,Human,absent,classroom first,1,2,5,2,1,5,3,4,4,4,5,3,3,4,4,5,3,4,4,3,4,4,3,2,2,3,2,4,2,1,4,1,1,
300,2,46,3,10,1,2,,4,5,,7,8,,5,Human,present,scene first,2,,,,,3,3,4,3,2,2,2,2,2,2,2,2,4,4,4,4,4,4,4,4,4,4,4,3,1,5,4,2,
302,2,32,2,11,1,2,3,4,5,,7,8,,1,Human,present,classroom first,1,1,6,2,2,3,3,3,1,3,1,1,3,3,1,1,1,1,3,3,1,3,3,3,3,3,1,3,1,1,2,2,1,없습니다
304,2,37,2,8,1,2,3,4,5,6,7,8,,1,Human,present,classroom first,2,,,,,2,2,4,4,2,3,2,2,1,2,1,1,3,3,4,5,3,3,4,3,4,4,2,2,2,4,2,1,
307,1,37,2,17,1,2,3,4,,,7,8,,8,AI,absent,scene first,1,1,2,1,1,4,4,5,4,3,4,4,4,4,3,4,3,3,4,4,3,4,3,4,4,3,4,5,4,1,2,2,2,
308,2,31,2,2,1,2,3,4,5,6,7,8,,5,Human,present,scene first,1,1,6,2,2,3,4,4,4,4,4,5,4,5,5,4,3,4,4,5,4,4,4,5,4,4,3,4,3,1,5,2,1,
310,1,33,2,13,1,2,3,,,,7,8,,1,Human,present,classroom first,2,,,,,2,4,4,5,5,4,4,3,5,3,4,2,3,4,4,4,2,3,3,2,4,3,4,2,2,5,1,2,
311,2,38,2,1,1,2,3,4,5,6,7,8,,6,AI,present,scene first,1,1,6,1,2,1,1,4,4,4,4,4,4,4,4,4,4,2,2,4,4,4,4,4,4,4,3,3,3,1,6,3,2,
313,1,44,3,1,1,,3,4,,,7,8,,3,Human,absent,classroom first,1,2,2,1,1,2,3,1,3,3,5,2,3,4,3,5,2,2,4,5,4,3,3,4,5,5,4,2,4,1,4,3,2,있습니다
314,2,36,2,1,1,2,3,4,5,6,7,8,,2,AI,present,classroom first,1,1,4,1,1,4,4,4,4,4,4,4,4,4,4,5,4,4,4,4,4,3,4,4,4,4,4,4,3,2,5,7,2,
315,1,41,3,1,1,2,3,4,,,,,,4,AI,absent,classroom first,2,,,,,1,1,4,3,2,2,4,3,3,2,2,3,1,1,4,2,2,1,1,2,1,2,2,1,1,5,6,2,표절느낌이든다
316,2,30,2,1,1,2,3,4,5,6,7,8,,2,AI,present,classroom first,1,2,2,1,1,4,2,4,5,4,5,5,3,4,4,5,5,4,4,4,5,5,5,5,3,5,4,5,5,1,5,2,1,생성형 AI 디자인을 2개 정도 더 추가해도 좋을 것 같음
317,2,25,1,1,1,2,3,4,,,7,8,,6,AI,present,scene first,1,3,2,1,2,1,1,4,4,2,1,3,3,3,3,3,2,2,1,4,3,3,2,1,2,3,3,4,1,1,5,2,2,
318,2,54,4,8,1,,3,4,,,,8,,6,AI,present,scene first,1,1,5,1,1,2,3,4,2,4,4,4,5,5,5,5,4,2,2,4,2,3,3,4,5,5,5,5,4,1,2,2,2,없음
319,1,40,3,8,1,2,3,4,5,6,7,8,,8,AI,absent,scene first,1,1,2,1,1,2,3,3,3,3,3,3,3,3,3,3,3,4,4,4,4,4,4,4,4,4,4,4,4,1,5,3,2,
320,1,52,4,3,1,2,3,4,,6,7,8,,7,Human,absent,scene first,1,2,6,2,1,3,3,4,3,2,3,3,3,4,2,3,2,4,4,3,4,4,3,4,3,3,3,4,2,1,5,5,2,없음
321,2,34,2,1,1,2,3,4,5,,7,8,,3,Human,absent,classroom first,1,1,4,1,1,3,2,4,4,2,2,4,3,3,1,4,2,3,4,4,4,3,4,4,4,3,4,4,3,2,5,2,2,
323,1,32,2,12,1,2,3,4,5,,7,8,,3,Human,absent,classroom first,1,1,6,1,1,4,4,4,4,3,4,4,3,4,4,4,3,3,3,3,3,3,4,3,3,3,3,3,3,1,6,3,2,
326,2,44,3,2,1,2,3,4,5,,,,,4,AI,absent,classroom first,1,1,6,1,2,3,3,3,2,2,3,3,2,3,2,3,3,3,4,4,3,3,3,3,3,3,4,3,3,1,2,3,2,
327,2,20,1,6,1,,3,4,5,,7,8,,7,Human,absent,scene first,2,,,,,3,4,4,4,4,4,4,4,4,4,4,3,4,4,4,4,4,4,4,3,4,4,4,4,1,3,1,2,
331,1,54,4,1,1,2,3,4,5,6,7,8,,5,Human,present,scene first,1,1,3,1,1,4,4,4,4,4,4,5,5,5,5,5,5,4,4,4,4,4,4,5,5,5,5,5,5,1,5,4,2,감사합니다
334,1,34,2,7,1,2,3,4,5,6,7,8,,6,AI,present,scene first,1,1,4,1,2,1,1,1,1,1,1,1,2,2,2,2,2,1,1,2,1,2,1,4,2,2,2,3,2,2,8,5,2,생성형AI가 만든 이미지의 기반이 되는 작품들소개 필요
336,2,27,1,8,1,2,3,4,5,6,7,8,,3,Human,absent,classroom first,1,1,6,1,1,3,4,3,3,3,4,4,3,3,3,2,1,2,2,3,2,3,2,2,3,3,3,2,2,1,5,2,1,
337,2,26,1,15,1,2,3,4,5,,,8,,8,AI,absent,scene first,1,1,3,1,1,3,3,5,4,5,5,5,5,5,5,5,4,4,4,5,5,5,5,5,5,5,5,5,4,2,3,1,2,
338,2,56,4,8,1,2,3,4,5,,7,8,,4,AI,absent,classroom first,1,2,3,1,1,3,3,3,3,2,2,3,4,3,4,4,3,3,2,2,2,2,2,3,3,3,3,3,3,1,4,3,2,
339,1,46,3,16,1,2,3,4,5,6,7,8,,6,AI,present,scene first,1,1,4,2,1,3,4,4,4,3,4,4,4,4,4,4,4,4,4,4,4,4,4,4,4,4,4,4,4,1,1,2,2,없음
340,1,64,5,8,1,2,3,4,5,6,,8,,2,AI,present,classroom first,1,2,3,1,2,3,2,4,2,4,2,2,4,4,3,4,2,2,2,4,2,4,2,4,3,4,4,4,3,2,6,5,1,없음
342,2,24,1,1,1,2,3,4,5,6,7,8,,7,Human,absent,scene first,1,1,3,2,1,2,4,4,3,3,3,4,4,3,4,5,4,4,3,3,3,4,4,3,3,4,3,4,4,2,5,2,2,
343,1,24,1,1,1,2,3,4,5,,7,8,,7,Human,absent,scene first,1,1,4,1,1,2,2,3,2,2,3,3,3,4,4,2,2,3,3,3,2,2,3,2,3,2,2,2,2,2,2,3,2,
345,1,49,3,5,1,2,3,4,5,,7,8,,4,AI,absent,classroom first,1,3,1,2,2,4,2,3,2,2,3,3,2,3,2,4,2,2,2,1,2,3,2,2,2,2,2,1,1,1,6,4,1,
347,1,45,3,8,1,2,3,4,5,6,7,8,,8,AI,absent,scene first,1,1,7,1,2,2,4,3,3,2,2,4,4,4,4,4,3,3,3,3,3,3,3,4,4,4,4,4,3,1,5,3,2,
348,1,64,5,1,1,2,3,4,5,6,7,8,,3,Human,absent,classroom first,1,1,4,1,1,3,4,4,5,4,3,4,5,4,3,5,4,4,5,4,5,4,3,4,5,4,4,5,4,1,5,3,2,감사합니다
350,2,66,5,8,1,2,3,4,5,6,7,8,,5,Human,present,scene first,1,1,4,1,1,3,3,4,4,3,4,4,3,3,3,3,3,4,4,4,4,3,4,4,3,4,3,4,4,1,2,2,2,
351,2,54,4,8,1,2,3,4,5,,7,8,,3,Human,absent,classroom first,1,1,3,2,2,2,1,3,3,2,1,4,1,3,1,2,1,3,4,3,2,1,1,3,2,2,2,1,1,1,5,3,2,
354,1,44,3,15,1,2,3,4,5,6,7,8,,1,Human,present,classroom first,2,,,,,4,4,4,3,4,5,4,4,4,4,4,4,2,3,3,2,3,2,3,3,2,3,2,2,2,5,4,2,전반적으로 산뜻한 설문이었습니다
357,2,26,1,8,1,2,3,4,5,,7,8,,8,AI,absent,scene first,1,1,4,1,1,3,2,4,2,1,2,4,3,3,3,4,2,2,2,4,2,2,2,4,2,4,3,3,2,1,5,7,2,없습니다
360,2,57,4,8,1,2,3,4,5,,7,8,,1,Human,present,classroom first,1,1,4,2,2,4,4,4,4,4,4,4,3,3,3,3,2,2,3,3,3,3,2,2,2,2,2,2,2,2,2,1,2,
361,1,28,1,8,1,2,3,4,5,6,7,8,,5,Human,present,scene first,1,1,4,1,1,3,3,3,3,3,3,3,3,3,3,3,3,4,3,4,3,3,3,4,3,4,3,4,3,2,2,2,2,
364,1,65,5,15,1,2,3,4,5,6,7,8,,5,Human,present,scene first,2,,,,,3,4,4,4,2,4,3,3,2,4,2,2,4,5,4,4,4,4,5,2,4,3,4,2,2,5,3,2,감사합니다
366,1,34,2,4,1,2,3,4,5,6,7,8,,6,AI,present,scene first,1,1,6,2,1,3,3,2,3,2,3,4,4,4,4,4,3,3,3,3,3,3,3,5,4,4,3,4,3,1,5,3,2,
367,1,49,3,15,1,,3,4,5,,7,8,,1,Human,present,classroom first,1,1,3,1,1,4,4,4,4,3,3,4,3,3,4,3,3,3,4,4,4,3,3,4,3,4,4,3,4,1,4,3,2,
368,2,29,1,8,1,2,3,4,5,6,7,8,,2,AI,present,classroom first,1,1,5,1,1,3,4,4,4,2,3,2,3,2,3,4,1,2,3,3,3,1,2,2,2,1,2,1,1,1,5,2,2,
370,1,51,4,8,1,2,3,4,5,,,8,,8,AI,absent,scene first,1,2,4,1,1,3,2,3,1,4,4,3,2,2,2,3,2,2,2,3,2,2,3,3,2,2,2,3,2,2,6,4,2,
371,1,40,3,2,1,2,3,4,5,6,7,8,,7,Human,absent,scene first,1,1,4,2,2,2,3,4,2,3,3,3,4,3,3,3,2,4,4,4,3,3,4,3,3,4,3,4,3,1,5,2,2,
374,1,41,3,1,1,2,3,4,5,6,7,8,,4,AI,absent,classroom first,1,2,4,1,1,4,2,4,5,4,3,4,4,4,4,4,4,3,2,3,3,3,2,2,1,2,2,1,1,2,5,2,1,"AI는 발전중이고, 점점 그림에 있어서 대체가 상당부분 가능할 것 같지만, 아직은 위화감이 분명 존재합니다."
376,1,57,4,1,1,,3,4,5,,,,,3,Human,absent,classroom first,1,2,4,1,1,1,2,3,2,3,2,3,2,3,2,2,3,2,2,1,2,2,2,1,2,2,2,2,1,1,5,3,2,없음
377,1,42,3,9,1,,3,4,,,7,8,,2,AI,present,classroom first,1,1,2,1,1,4,4,4,3,4,4,5,4,5,4,5,4,4,4,3,3,4,4,4,4,4,4,4,4,1,5,2,2,
379,1,32,2,1,1,2,3,4,5,,7,8,,8,AI,absent,scene first,2,,,,,4,4,4,4,4,4,4,4,4,3,3,3,4,4,4,4,4,4,4,4,4,4,3,3,1,5,2,2,
380,2,46,3,1,1,2,3,4,5,6,7,8,,1,Human,present,classroom first,1,2,3,1,1,4,4,4,3,4,4,4,3,4,3,4,3,3,3,3,2,2,3,2,2,3,2,2,1,2,4,1,2,주제가 아니었으면 사람이 한것 같았음
386,1,38,2,11,1,2,3,4,5,6,7,8,,4,AI,absent,classroom first,1,1,4,1,1,4,4,5,2,3,2,4,3,4,3,4,2,3,4,4,3,2,2,4,3,4,4,3,2,1,6,3,2,
388,2,34,2,12,1,,,,5,,,8,,7,Human,absent,scene first,1,1,5,1,1,1,5,3,3,5,5,5,3,5,5,4,3,5,5,5,5,5,5,5,5,5,3,5,3,1,5,3,2,네
389,1,34,2,1,1,,3,4,,,7,8,,3,Human,absent,classroom first,1,1,4,1,1,3,4,4,4,4,3,4,4,4,3,4,2,3,3,3,4,2,2,3,4,4,4,4,3,1,5,4,2,
390,2,44,3,15,1,2,3,4,5,6,7,8,,4,AI,absent,classroom first,1,3,2,1,2,1,2,4,4,3,2,4,3,4,3,4,2,2,3,4,4,4,3,4,2,4,4,4,3,1,4,2,2,
391,2,38,2,4,1,2,3,4,5,6,7,8,,6,AI,present,scene first,2,,,,,3,3,4,5,3,3,5,3,5,4,2,3,4,4,5,5,4,3,4,4,4,3,4,3,2,5,2,1,
394,1,47,3,8,1,,,,5,6,,,,7,Human,absent,scene first,1,1,2,1,1,2,4,3,3,4,4,4,4,3,4,2,3,3,4,4,4,4,4,4,3,4,2,4,3,1,2,4,2,적절한 설문으로 느끼며 응했습니다.
396,2,42,3,1,1,2,3,4,5,6,7,8,,5,Human,present,scene first,1,1,3,1,1,2,1,2,2,2,1,1,1,1,1,1,1,1,1,2,1,1,1,1,1,1,1,1,1,1,5,2,2,
398,2,38,2,4,1,,3,4,5,6,7,8,,3,Human,absent,classroom first,2,,,,,3,4,4,4,3,4,4,3,3,2,3,2,2,4,4,3,3,3,4,2,3,2,2,2,1,5,7,2,
399,1,53,4,3,1,2,3,4,,6,7,8,,1,Human,present,classroom first,1,1,6,1,1,2,4,5,4,4,4,4,2,3,2,4,3,2,4,4,4,3,4,5,2,3,2,4,3,2,6,4,2,
401,1,43,3,2,1,2,3,4,5,6,7,8,,6,AI,present,scene first,1,1,5,1,1,2,4,4,2,4,4,4,2,4,4,4,4,4,4,4,2,4,4,4,2,4,4,4,4,2,5,3,2,없습니다.
402,1,53,4,9,1,,3,4,5,,7,8,,5,Human,present,scene first,1,1,6,2,2,2,2,1,2,1,2,2,2,2,2,2,2,2,2,2,2,1,2,2,1,2,2,3,2,1,6,3,2,예 있습니다
403,2,32,2,8,1,2,3,4,,6,7,8,,8,AI,absent,scene first,2,,,,,3,3,4,4,3,3,4,3,4,3,3,3,3,3,4,4,3,3,4,3,3,3,4,3,2,5,2,2,
404,1,47,3,1,1,2,3,4,5,6,7,8,,2,AI,present,classroom first,1,2,1,1,1,2,2,4,4,3,4,4,4,4,4,4,4,2,4,4,4,4,4,4,4,4,4,4,4,2,2,3,2,
405,1,69,5,3,1,2,3,4,5,,7,,,6,AI,present,scene first,1,2,3,1,1,3,2,4,3,4,3,2,3,4,4,3,3,4,4,4,3,2,3,2,2,3,3,3,3,2,5,5,1,현실적으로  인공지능이 현 사회에서 불안하게 인정 되고 있다
408,2,37,2,13,1,2,,4,,,,8,,6,AI,present,scene first,1,2,5,2,2,4,3,4,4,4,4,3,4,4,4,4,3,5,5,5,5,5,5,5,4,5,3,4,4,1,5,3,2,감사합니다
410,2,33,2,12,1,2,3,4,5,6,7,8,,4,AI,absent,classroom first,2,,,,,3,3,4,4,3,4,4,4,4,4,4,3,3,3,4,4,4,4,4,4,4,5,4,3,1,5,2,2,
413,2,33,2,1,1,2,,4,5,6,7,8,,8,AI,absent,scene first,2,,,,,3,3,4,4,4,4,4,4,4,4,4,3,4,4,4,3,3,4,4,4,4,4,4,4,1,5,3,2,
416,1,47,3,1,1,,,4,,,,8,,8,AI,absent,scene first,1,1,4,1,1,3,2,4,3,3,3,4,3,4,4,4,3,4,4,4,4,3,3,4,3,4,3,4,3,1,6,4,2,
417,2,28,1,10,1,2,3,4,5,6,7,8,,7,Human,absent,scene first,1,1,4,1,1,3,3,4,4,3,3,4,3,4,4,3,3,4,4,4,4,4,4,4,3,4,3,4,3,2,5,2,2,
419,2,38,2,10,1,2,,4,,,,,,2,AI,present,classroom first,1,1,7,2,2,3,3,3,3,3,3,3,3,3,3,3,4,3,3,3,3,4,3,3,3,3,3,3,3,2,4,1,2,
421,2,31,2,1,1,2,3,4,5,6,7,8,,1,Human,present,classroom first,1,3,5,2,1,4,4,4,4,3,4,4,4,5,4,2,2,2,4,4,3,2,2,3,2,2,3,1,1,1,6,3,1,
422,1,51,4,1,1,2,3,4,,,7,8,,4,AI,absent,classroom first,1,1,4,1,1,3,4,4,3,3,4,4,3,4,3,4,3,3,3,4,3,3,4,4,4,4,3,4,4,1,8,4,2,없습니다.
423,2,32,2,1,1,2,3,4,5,6,7,8,,5,Human,present,scene first,1,2,5,1,1,3,4,4,2,3,3,4,3,3,3,4,2,3,3,4,3,3,3,4,3,3,3,4,3,1,5,2,2,
424,1,50,4,1,1,2,3,4,5,,7,8,,5,Human,present,scene first,2,,,,,2,4,4,3,4,4,4,4,5,4,3,3,4,5,4,4,5,5,5,4,5,4,4,3,1,5,4,2,"방금전 평가한 창작물이 AI에 의한 창작물인지 여부를 정확히 모르고 설문을 했습니다. 그게 맞는건지, 아님 알고 했어야 하는지 모르겠어요."
425,1,60,5,4,1,2,3,4,5,,,8,,1,Human,present,classroom first,1,3,3,1,1,4,5,4,4,4,4,4,4,4,3,4,4,3,4,4,4,4,4,4,4,4,4,3,3,2,5,4,2,
428,1,51,4,8,1,2,3,4,5,6,7,8,,3,Human,absent,classroom first,2,,,,,2,3,3,3,3,4,3,2,2,2,3,2,3,4,4,2,3,4,3,3,3,4,3,3,1,4,3,2,네 참여하겠습니다
429,2,42,3,1,1,2,3,4,5,6,7,8,,5,Human,present,scene first,1,2,2,1,1,1,4,3,4,4,4,5,4,5,5,5,5,4,4,5,4,4,5,5,5,5,5,5,5,1,8,6,1,감정없는 느낌이다.
431,2,42,3,1,1,2,3,4,5,6,7,8,,1,Human,present,classroom first,1,3,2,1,1,4,4,4,4,4,4,3,3,4,3,4,3,3,3,4,3,3,3,3,3,4,3,2,2,1,5,2,2,
432,2,34,2,8,1,2,3,4,5,,7,8,,2,AI,present,classroom first,1,2,5,2,1,4,4,4,4,4,4,4,4,4,4,3,3,4,4,4,4,4,4,4,5,4,5,4,4,1,4,2,2,
433,2,34,2,8,1,2,3,4,5,6,7,8,,4,AI,absent,classroom first,1,2,3,1,1,3,3,3,3,3,3,3,3,3,3,4,3,2,4,4,3,4,4,4,5,4,4,4,4,1,6,2,2,
434,2,22,1,1,1,2,3,4,5,,7,8,,2,AI,present,classroom first,1,3,2,1,1,3,3,4,2,3,4,4,2,3,3,4,2,2,2,3,3,2,3,3,2,2,3,3,2,1,3,1,2,
435,2,29,1,4,1,2,3,4,5,6,7,8,,8,AI,absent,scene first,2,,,,,2,2,3,3,3,4,4,3,3,4,4,4,4,3,4,4,4,4,4,3,4,4,4,4,1,4,2,2,
438,2,42,3,4,1,2,3,4,5,6,7,8,,8,AI,absent,scene first,1,2,2,1,1,3,4,4,3,4,4,4,4,4,4,4,3,3,3,4,4,4,4,4,4,4,4,4,3,2,5,2,2,
439,1,36,2,1,1,2,3,4,5,6,7,8,,5,Human,present,scene first,1,3,1,1,1,3,5,3,4,5,5,5,5,5,5,4,3,4,3,5,5,5,4,4,3,4,4,5,4,2,5,2,1,?히 없습니다
440,1,60,5,1,1,2,3,4,5,,7,8,,7,Human,absent,scene first,1,2,3,1,2,3,4,3,4,4,4,4,4,4,4,3,3,4,4,3,4,4,4,4,4,4,3,3,3,1,5,2,2,
441,2,46,3,1,1,2,3,4,5,,7,8,,2,AI,present,classroom first,2,,,,,4,4,3,3,4,4,4,4,4,4,4,3,3,3,3,4,4,3,4,4,4,4,4,3,2,4,5,2,
444,2,51,4,8,1,2,3,4,5,6,7,8,,7,Human,absent,scene first,2,,,,,2,4,3,3,3,3,3,3,3,4,4,2,2,2,2,3,3,3,2,2,2,2,2,2,1,5,3,2,
447,2,56,4,6,1,2,3,4,5,6,7,8,,3,Human,absent,classroom first,1,1,6,2,2,4,3,4,3,3,3,3,2,3,3,3,2,2,2,2,2,2,2,2,3,3,3,2,2,1,5,5,2,.
448,1,49,3,2,1,2,3,4,5,6,7,8,,5,Human,present,scene first,1,1,3,1,1,2,2,3,3,3,3,3,3,3,2,2,1,4,4,4,4,4,4,4,4,4,3,4,3,1,5,5,1,없음
450,1,50,4,2,1,2,3,4,5,6,7,8,,3,Human,absent,classroom first,1,5,1,1,1,4,5,4,4,4,4,5,4,5,4,4,4,4,5,5,4,4,4,5,5,4,4,5,4,1,4,3,2,
452,2,55,4,8,1,2,3,4,5,,7,8,,6,AI,present,scene first,2,,,,,2,2,2,2,2,2,2,2,3,2,3,2,4,4,3,3,3,3,4,4,4,3,3,2,1,5,1,2,
455,1,30,2,4,1,,,4,,,7,8,,1,Human,present,classroom first,1,1,3,2,1,4,4,3,4,4,3,3,4,2,3,3,2,2,2,3,2,2,3,3,2,3,3,2,2,2,5,1,2,
456,2,21,1,8,1,2,3,4,5,,7,8,,6,AI,present,scene first,2,,,,,1,1,4,2,2,1,4,3,4,3,2,1,1,1,4,2,2,1,4,3,3,3,2,1,1,3,1,2,
457,2,35,2,15,1,2,3,4,5,,7,8,,6,AI,present,scene first,2,,,,,3,4,5,4,4,3,4,5,5,5,5,5,4,5,5,5,3,4,4,3,4,3,4,5,1,4,2,2,
459,2,23,1,15,1,2,3,4,5,,,8,,6,AI,present,scene first,1,2,3,1,1,4,4,5,3,4,4,4,2,4,4,4,2,2,3,4,2,3,4,4,2,3,2,4,2,1,6,4,1,"본 설문지에 담긴 사진 외에도 더 뛰어난 사진과 그림이 많이 있다고 생각됩니다. 그러한 그림으로 다시 질문을 재구성해보면 좋겠습니다. 특히 문장이 조금 매끄럽지 않다고 느껴지는 부분도 있습니다. 매료되었다, 목표가 있다 앞 사진에 비해 질문의 수준이 조금 높은 것 같습니다."
460,1,40,3,1,1,2,3,4,5,6,7,8,,7,Human,absent,scene first,2,,,,,3,3,4,4,3,3,3,2,2,3,2,1,3,3,4,4,3,2,3,2,2,3,2,1,1,5,3,2,특별히 없습니다.
463,1,41,3,1,1,2,3,4,5,,7,8,,6,AI,present,scene first,2,,,,,2,2,4,2,3,4,4,2,4,3,4,3,3,4,4,3,3,4,5,4,4,3,4,3,1,5,3,2,
464,2,27,1,8,1,2,,,5,,7,8,,1,Human,present,classroom first,1,2,3,2,2,3,3,3,3,3,4,3,3,3,3,3,3,3,3,3,3,3,3,3,3,3,3,3,3,1,5,2,1,
465,1,54,4,8,1,2,3,4,5,,7,8,,2,AI,present,classroom first,2,,,,,3,2,4,4,4,3,4,2,2,2,3,2,3,3,4,4,4,3,3,2,2,1,3,1,1,5,4,2,
466,1,40,3,2,1,2,3,4,5,6,7,8,,2,AI,present,classroom first,1,2,2,1,1,4,4,4,4,3,3,4,3,4,3,3,3,3,3,4,4,4,4,4,3,4,3,3,3,1,5,5,2,
467,1,40,3,8,1,,3,4,5,,7,8,,6,AI,present,scene first,1,1,4,1,1,4,4,5,5,5,5,5,5,5,5,5,5,5,5,5,5,5,5,5,5,5,5,5,5,2,5,5,2,
468,2,51,4,1,1,2,3,4,5,6,7,8,,4,AI,absent,classroom first,1,1,3,1,1,3,4,4,4,3,3,4,3,4,4,4,4,4,4,3,4,4,4,5,5,4,5,4,4,1,4,3,2,첫번째는 다크한분위기 두번째는 밝은분위기라 미적으로 밝은분위기에 더 호감이 가네요
469,1,40,3,8,1,,3,4,5,,,,,4,AI,absent,classroom first,1,1,2,1,1,4,4,3,3,4,4,5,2,3,3,4,3,3,3,3,4,4,5,4,2,3,3,4,3,1,4,2,2,
470,1,58,4,15,1,2,3,4,5,,7,8,,4,AI,absent,classroom first,1,2,2,1,1,4,4,4,5,5,4,4,5,4,4,5,5,4,4,3,4,3,3,4,4,5,4,4,4,1,5,4,2,
471,2,37,2,8,1,2,3,4,5,6,7,8,,7,Human,absent,scene first,2,,,,,2,4,4,3,4,4,4,4,4,4,4,3,4,4,4,3,3,4,3,3,3,3,4,3,1,2,2,2,
472,1,34,2,1,1,2,3,4,5,6,7,8,,3,Human,absent,classroom first,2,,,,,3,3,4,3,3,4,2,3,3,4,4,3,4,4,3,4,4,3,4,3,4,4,4,3,2,7,1,2,
474,2,26,1,1,1,2,3,4,5,,7,8,,5,Human,present,scene first,1,3,2,1,1,3,3,4,3,3,3,4,4,4,5,5,2,4,4,4,4,4,4,5,4,5,5,5,5,1,5,2,2,"AI 관련 질문이 도입부에 나와서, 일러스트가 AI 의 그림이라는 것을 추측할 수 있었습니다.일러스트 질문이 먼저 나오고 이후 AI 관련 질문이 나온다면, 좋을 것 같습니다."
475,1,49,3,15,1,2,3,4,5,,7,8,,5,Human,present,scene first,1,1,4,1,1,3,3,4,4,4,5,4,4,4,4,3,3,4,4,4,3,4,4,5,4,5,3,4,4,1,4,4,2,
479,2,35,2,5,1,2,3,4,5,6,7,8,,7,Human,absent,scene first,2,,,,,2,3,2,4,4,4,5,5,5,5,4,3,4,5,4,5,4,4,5,5,5,4,4,3,1,4,3,2,
480,1,36,2,8,1,2,3,4,5,6,7,8,,1,Human,present,classroom first,1,1,6,2,1,4,4,4,3,4,3,4,3,4,4,2,3,2,4,3,3,3,3,5,3,3,4,3,4,2,5,2,2,
481,1,43,3,2,1,,,4,5,,,8,,8,AI,absent,scene first,2,,,,,2,2,4,3,3,3,4,3,4,3,3,2,4,3,4,4,3,4,3,2,4,2,4,2,1,5,3,2,사전에 설명이 없었으면 인공지능으로 작업한 내용인지 식별하기도 어려울 것 같습니다.
484,1,36,2,1,1,2,3,4,5,6,7,8,,7,Human,absent,scene first,1,2,2,2,1,2,4,3,3,2,3,4,3,4,4,3,3,5,4,4,4,4,4,4,4,4,4,4,4,1,5,6,1,없습니다.
486,2,44,3,8,1,2,3,4,5,6,7,8,,3,Human,absent,classroom first,1,1,4,1,1,4,3,3,3,3,4,3,3,3,2,4,3,3,3,3,3,3,3,3,2,3,3,3,2,1,5,1,2,
489,1,58,4,1,1,2,3,4,5,,7,,,7,Human,absent,scene first,1,2,4,2,1,2,2,2,2,2,2,2,2,2,2,2,2,3,2,2,2,2,2,3,2,2,2,2,2,1,5,4,2,
492,1,47,3,4,1,,3,4,5,,7,8,,1,Human,present,classroom first,1,2,2,1,1,4,3,4,3,3,3,3,3,3,3,2,2,4,3,3,3,3,2,2,3,3,3,3,2,2,5,3,2,
498,2,47,3,1,1,2,3,4,5,6,7,8,,4,AI,absent,classroom first,1,1,3,2,2,2,2,4,2,2,2,2,1,1,2,4,2,2,1,4,2,2,2,2,1,1,2,2,2,1,5,6,2,
501,1,44,3,8,1,2,,4,5,6,7,8,,2,AI,present,classroom first,2,,,,,4,5,4,3,2,3,4,3,4,3,4,3,4,3,4,3,2,3,4,3,3,2,3,2,1,5,6,2,
504,1,52,4,5,1,2,3,4,5,6,7,8,,8,AI,absent,scene first,1,2,4,2,1,3,3,4,3,3,4,3,3,3,3,3,3,4,3,4,3,4,4,3,3,4,3,3,3,1,6,5,2,
506,1,40,3,14,1,2,3,4,5,,7,8,,6,AI,present,scene first,1,1,2,2,1,2,2,3,3,2,3,2,2,4,2,3,1,2,2,3,3,3,3,3,3,4,3,4,2,2,5,3,2,"의도하는 내용은 전달이 되지만, 예술적인 가치는 느껴지지 않는다"
507,1,44,3,8,1,,,,,,,,,4,AI,absent,classroom first,1,1,3,1,1,3,3,4,4,3,4,3,4,4,4,3,3,3,2,3,3,4,3,2,3,3,2,3,2,1,5,3,2,
511,2,30,2,8,1,2,3,4,5,6,7,8,,8,AI,absent,scene first,1,2,2,1,1,2,2,5,4,4,4,4,4,4,4,4,4,2,2,4,4,4,4,4,4,4,4,4,4,2,5,7,2,
516,2,44,3,6,1,2,3,4,5,6,7,8,,3,Human,absent,classroom first,1,1,5,1,1,3,3,4,4,3,3,4,3,3,3,3,3,3,4,4,4,3,3,4,3,4,3,3,3,1,6,1,2,
517,2,52,4,1,1,2,3,4,5,6,7,8,,5,Human,present,scene first,2,,,,,2,5,4,4,3,5,4,3,3,4,3,3,5,5,5,4,4,5,4,4,4,3,4,4,1,2,1,1,없습니다
522,1,37,2,8,1,2,3,4,5,,7,8,,3,Human,absent,classroom first,2,,,,,3,4,4,4,4,4,4,3,4,3,4,3,3,4,4,4,4,4,4,4,5,4,5,4,1,5,3,2,
527,2,43,3,8,1,,,4,,6,7,8,,7,Human,absent,scene first,2,,,,,3,4,4,4,4,4,4,3,4,4,4,3,4,3,3,4,4,4,3,2,3,2,2,2,2,5,4,2,
528,2,44,3,1,1,2,3,4,5,6,7,8,,7,Human,absent,scene first,1,1,5,1,1,3,4,4,4,3,3,4,3,3,4,4,3,2,3,4,4,3,3,3,2,3,2,2,2,1,5,1,1,
530,2,61,5,3,1,2,3,4,5,6,7,8,,4,AI,absent,classroom first,1,1,5,1,1,4,4,4,3,4,4,4,4,4,4,4,4,3,3,3,3,3,3,4,4,4,4,4,4,1,4,2,2,없음
532,2,39,2,1,1,2,3,4,5,6,7,8,,4,AI,absent,classroom first,1,2,2,1,1,2,2,3,3,2,2,3,2,4,2,2,1,2,4,4,4,3,2,3,3,4,3,3,2,2,5,4,2,없음
535,1,39,2,8,1,2,3,4,5,6,7,8,,1,Human,present,classroom first,1,2,1,1,1,4,4,3,3,3,4,4,3,4,4,4,4,3,4,4,4,4,3,4,4,4,3,4,4,1,5,3,2,
539,2,33,2,15,1,,3,4,,,7,8,,1,Human,present,classroom first,1,1,6,1,1,4,4,4,4,4,4,4,4,4,4,4,3,3,4,3,3,4,4,3,4,4,4,4,3,1,4,2,2,
542,2,39,2,8,1,2,3,4,5,6,7,8,,1,Human,present,classroom first,1,2,3,2,1,4,5,4,5,5,5,4,5,5,3,3,3,4,4,5,5,5,5,4,5,4,4,4,5,1,5,5,2,
544,2,40,3,11,1,2,3,4,5,,,8,,2,AI,present,classroom first,1,1,5,2,1,4,3,4,2,3,3,3,2,2,3,4,3,3,2,3,2,3,2,3,2,4,3,3,3,1,4,2,1,
545,2,28,1,2,1,2,3,4,5,,7,8,,2,AI,present,classroom first,1,1,6,1,1,3,2,3,4,2,3,3,4,3,3,3,2,3,3,4,4,3,3,4,3,3,3,3,2,1,5,2,2,없습니다
547,1,45,3,8,1,2,3,4,5,,7,8,,1,Human,present,classroom first,1,1,6,1,1,4,4,4,4,4,4,4,3,3,3,3,3,3,3,4,3,3,3,3,3,3,3,3,3,1,6,4,2,
549,2,30,2,8,1,2,3,4,5,,7,8,,3,Human,absent,classroom first,2,,,,,1,1,1,1,3,3,4,4,3,4,3,3,3,4,4,3,3,3,4,4,4,4,3,3,2,5,2,2,없습니다!
551,2,25,1,1,1,2,3,4,5,6,7,8,,8,AI,absent,scene first,1,1,2,1,1,4,3,4,3,3,3,3,3,4,3,4,3,4,4,4,3,3,3,3,3,3,3,4,3,1,6,2,2,
552,1,57,4,2,1,2,3,4,5,6,7,8,,2,AI,present,classroom first,2,,,,,2,4,4,4,3,4,4,4,4,3,4,3,3,3,4,4,3,4,4,3,4,3,4,4,2,5,4,2,인간이 가질수 있는 고유의 생각과 창작은 아직은 이른거 같다.
553,2,41,3,8,1,2,3,4,5,6,7,8,,8,AI,absent,scene first,2,,,,,4,3,4,4,3,4,4,4,3,3,4,3,4,3,4,4,3,3,4,3,4,3,4,3,1,5,3,2,
556,2,35,2,8,1,2,3,4,5,6,7,8,,8,AI,absent,scene first,1,1,5,2,2,3,3,4,3,3,3,3,2,2,3,3,2,2,2,3,2,2,2,2,1,2,2,2,2,1,6,3,2,
558,2,45,3,8,1,2,3,4,5,,,8,,5,Human,present,scene first,2,,,,,4,4,4,4,3,4,4,4,4,4,4,3,4,4,4,4,4,5,5,4,4,3,5,4,1,4,2,2,
559,2,27,1,10,1,2,3,4,5,6,7,8,,6,AI,present,scene first,1,2,4,2,1,2,2,5,5,3,2,5,3,5,4,4,3,2,2,5,5,4,3,5,4,5,3,5,4,1,5,2,2,
561,1,53,4,8,1,2,3,4,5,6,7,8,,8,AI,absent,scene first,1,2,4,1,1,3,1,4,1,1,1,4,3,3,3,4,2,2,1,4,1,1,1,3,3,3,3,4,1,2,4,2,2,
562,2,31,2,1,1,2,3,4,5,6,,8,,3,Human,absent,classroom first,1,2,4,1,1,3,4,4,3,3,3,4,3,3,4,3,3,3,3,4,4,4,4,4,4,4,4,5,4,1,5,2,1,그림 표본이 많으면 좋을것 같습니다.
563,2,31,2,4,1,2,3,4,5,,7,8,,3,Human,absent,classroom first,1,1,6,2,1,4,3,2,2,4,4,4,4,4,3,4,3,3,4,4,2,3,4,4,4,4,4,4,3,1,5,1,2,더 많이 보고싶어요!
565,2,25,1,14,1,2,3,4,5,6,7,8,,2,AI,present,classroom first,1,1,3,1,2,3,2,4,2,3,3,4,3,4,3,4,3,2,3,4,2,3,3,4,3,4,3,4,2,1,5,2,2,
570,2,32,2,1,1,2,3,4,5,6,7,8,,1,Human,present,classroom first,1,2,5,1,1,2,4,4,4,4,4,3,3,3,4,4,2,2,4,4,4,2,3,3,4,3,4,2,2,1,2,2,2,
572,2,49,3,1,1,2,3,4,5,6,7,8,,5,Human,present,scene first,1,1,4,2,2,2,4,4,4,4,4,4,5,5,5,4,3,4,5,5,5,5,5,5,4,5,4,4,4,1,5,3,2,
577,2,42,3,8,1,,3,4,,,7,8,,6,AI,present,scene first,2,,,,,4,3,4,2,3,3,3,4,4,4,3,3,3,3,4,3,3,3,2,4,4,4,4,3,2,5,2,2,
578,2,25,1,13,1,2,3,,5,,7,8,,6,AI,present,scene first,1,1,3,1,1,2,2,4,3,3,2,2,4,3,2,2,2,4,3,4,3,4,2,4,3,4,4,3,3,1,2,2,2,없음
584,2,39,2,8,1,,3,4,5,,,8,,4,AI,absent,classroom first,1,2,3,1,1,4,3,4,4,2,3,2,3,2,4,4,3,2,3,4,3,2,3,4,4,4,3,4,2,1,4,3,1,:-)
587,2,29,1,7,1,2,,4,5,,7,8,,4,AI,absent,classroom first,2,,,,,3,2,3,3,2,3,3,3,3,3,3,2,2,2,4,3,3,3,4,4,4,4,3,3,2,5,2,2,
592,2,25,1,3,1,2,3,4,5,6,7,8,,5,Human,present,scene first,2,,,,,2,4,4,3,3,4,4,3,3,5,3,2,4,3,5,4,1,3,2,4,2,4,3,1,2,4,7,2,
596,2,38,2,4,1,,,,,,,,,1,Human,present,classroom first,2,,,,,3,4,4,3,4,4,4,4,4,3,3,3,3,4,4,3,4,4,4,4,4,4,3,3,1,2,2,2,
612,2,41,3,5,1,2,3,4,5,,7,8,,4,AI,absent,classroom first,1,1,2,1,1,3,3,3,3,3,3,3,3,3,3,4,3,3,3,3,3,3,3,3,3,3,3,4,3,2,5,2,2,
616,2,51,4,1,1,2,3,4,5,6,7,8,,2,AI,present,classroom first,1,2,1,1,1,2,3,3,4,4,4,4,3,4,3,3,3,3,4,4,3,3,3,3,2,2,2,2,1,1,5,3,1,
628,2,25,1,1,1,2,3,4,5,6,7,8,,3,Human,absent,classroom first,1,2,5,2,2,2,3,3,2,2,3,4,3,3,3,3,2,2,3,3,3,3,3,3,3,3,4,3,2,2,5,2,1,
629,2,45,3,8,1,2,3,,5,6,7,8,,1,Human,present,classroom first,1,1,6,2,2,3,4,4,4,3,4,3,2,4,2,3,1,1,2,4,4,4,4,1,1,1,1,1,1,1,4,3,2,AI작품임을 알겠지만 최대한 인간적이게 보려고 했습니다.그래도 현실을 비판적이게 표현한 작품은  설득력이 느껴졌으나 감상적인 그림은 굉장히 피상적이게 느켜서 공감이 전혀 되지 않았습니다.
631,2,39,2,8,1,2,3,4,5,,7,8,,5,Human,present,scene first,1,1,2,1,1,4,2,4,2,2,4,3,2,3,2,4,2,4,4,4,4,4,4,4,3,4,2,4,2,1,5,3,2,
633,2,32,2,3,1,,,4,5,,7,8,,7,Human,absent,scene first,1,1,6,2,2,1,1,1,1,1,1,1,1,3,2,1,1,1,3,1,1,1,3,2,1,1,1,1,1,2,5,3,2,
634,2,42,3,5,1,2,3,4,5,6,7,8,,7,Human,absent,scene first,2,,,,,3,4,3,3,3,4,3,3,3,3,3,3,4,3,3,3,3,4,3,3,4,3,3,3,1,4,7,2,
